{
	"type": "flyingUnit",
	"name": "Opore Mech Unit",
	"description": "An opore mech unit.",
	"speed": 0.5,
	"flying": true,
	"health": 500,
	"engineOffset": 5.5,
	"range": 160,
	"weapon": {
		"name": "opmechunit-blaster",
		"length": 1.5,
		"reload": 0,
		"alternate": false,
		"bullet": {
			"speed": 8.0,
			"damage": 75,
			"bulletWidth": 10,
			"bulletHeight": 10,
			"despawnEffect":"hitBulletBig",
			"shootEffect": "shootSmall",
			"smokeEffect": "shootBigSmoke2",
			"collides":true,
			"keepVelocity":true,
			"status":"burning",
			"homingRange":120,
			"homingPower":7,
			"reloadMultiplier":0.7,
			"pierce":true,
			"lightning":4,
			"lightiningLength":15
			"fragBullet":{
				"bulletWidth":6,
				"bulletHeight":8,
				"backColor":"fffff0",
				"frontColor":"ffffe0",
				"despawnEffect":"hitBulletSmall",
				"trailColor":"556b2f",
				"smokeEffect":"shootSmallSmoke",
				"collides":true,
				"keepVelocity":true,
				"speed":2,
				"damage":55,
				"splashDamage":24,
				"splashDamageRadius":12
				"homingRange":120,
				"homingPower":7,
			}
		}
	}
}