{
	"type": "Fracker",
	"name": "Frazzure Extractor",
	"description": "Extracts frazzure from the ground using thorium and water, but instead of the ore, it extracts the liquid.",
	"liquidCapacity": 50,
	"result": "liquid-frazzure",
	"size": 3,
    "liquidCapacity": 30,
    "atttribute": "oil",
	"hasPower": true,
	"hasLiquids": true,
	"hasItems": true,
	"pumpAmount": 1,
	"updateEffect": "pulverize",
    "updateEffectChance": 0.08,
	"consumes": {
		"power": 4.5,
		"items": {
			"items": [
                { "item": "thorium", "amount": 10 }
			]
		},
		"liquid": {
			"liquid": "water",
			"amount": 1.0
		}
	},
	"requirements": [
		{ "item": "lead", "amount": 50 },
		{ "item": "titanium", "amount": 80 },
		{ "item": "silicon", "amount": 60 },
		{ "item": "metaglass", "amount": 50 }
	],
	"category": "crafting",
	"research": "oil-extractor",
	"idleSound": "respawning",
	"idleSoundVolume": 0.5
}