{
	"type": "DoubleTurret",
	"name": "Opore Turret",
	"description": "A Duo made out of opore.",
	"health": 1500,
	"size": 1,
	"reload": 0,
	"range": 500,
	"ammoUseEffect": "shellEjectSmall",
	"inaccuracy": 1,
	"rotatespeed": 12,
	"ammo": {
		"opore": {
			"speed": 10.0,
			"damage": 48.0,
			"bulletWidth": 16,
			"bulletHeight": 21,
			"shootEffect": "shootSmall",
			"smokeEffect": "shootSmallSmoke",
			"ammoMultiplier": 5
		}
	},
	"requirements": [
		{ "item": "opore", "amount": 150 },
	],
	"category": "turret",
	"research": "duo"
}
